"","country","year","cases"
"1","angola",1971,1
"2","angola",1972,268
"3","angola",1973,263
"4","angola",1974,934
"5","angola",1975,88
"6","angola",1977,726
"7","angola",1987,16222
"8","angola",1988,15500
"9","angola",1989,17601
"10","angola",1990,9527
"11","angola",1991,8590
"12","angola",1992,3608
"13","angola",1994,3443
"14","angola",1995,3295
"15","angola",1996,1306
"16","angola",2005,0
"17","angola",2006,67257
"18","angola",2007,18422
"19","angola",2008,10511
"20","angola",2009,2019
"21","angola",2010,1484
"22","angola",2011,1810
"23","angola",2012,1215
"24","angola",2013,6655
"25","angola",2014,213
"26","angola",2016,78
"27","angola",2017,828
"28","angola",2018,1546
"29","angola",2021,0
"30","angola",2015,0
"31","angola",2020,0
"32","burundi",1978,8297
"33","burundi",1979,915
"34","burundi",1980,2039
"35","burundi",1981,582
"36","burundi",1982,415
"37","burundi",1983,512
"38","burundi",1984,180
"39","burundi",1985,259
"40","burundi",1990,82
"41","burundi",1991,3
"42","burundi",1992,479
"43","burundi",1993,78
"44","burundi",1994,562
"45","burundi",1995,2297
"46","burundi",1996,418
"47","burundi",1997,1959
"48","burundi",1998,1067
"49","burundi",1999,3440
"50","burundi",2000,1021
"51","burundi",2001,1003
"52","burundi",2002,577
"53","burundi",2003,432
"54","burundi",2004,819
"55","burundi",2005,1309
"56","burundi",2006,886
"57","burundi",2007,365
"58","burundi",2008,234
"59","burundi",2009,355
"60","burundi",2010,333
"61","burundi",2011,1072
"62","burundi",2012,214
"63","burundi",2013,1557
"64","burundi",2014,582
"65","burundi",2015,442
"66","burundi",2016,434
"67","burundi",2017,399
"68","burundi",2018,92
"69","burundi",2019,1145
"70","burundi",2020,277
"71","burundi",2021,11
"72","burundi",2022,25
"73","burundi",2023,1394
"74","benin",1970,175
"75","benin",1971,2133
"76","benin",1972,250
"77","benin",1973,3
"78","benin",1974,73
"79","benin",1975,45
"80","benin",1976,146
"81","benin",1977,2
"82","benin",1978,27
"83","benin",1980,3
"84","benin",1981,2
"85","benin",1982,3
"86","benin",1983,1
"87","benin",1984,1
"88","benin",1986,243
"89","benin",1991,7474
"90","benin",1992,413
"91","benin",1993,10
"92","benin",1994,187
"93","benin",1995,203
"94","benin",1996,6190
"95","benin",1997,796
"96","benin",1998,206
"97","benin",1999,855
"98","benin",2000,468
"99","benin",2001,3943
"100","benin",2002,270
"101","benin",2003,434
"102","benin",2004,642
"103","benin",2005,749
"104","benin",2006,91
"105","benin",2008,985
"106","benin",2009,74
"107","benin",2010,983
"108","benin",2011,755
"109","benin",2012,625
"110","benin",2013,528
"111","benin",2014,832
"112","benin",2016,761
"113","benin",2017,11
"114","benin",2018,0
"115","benin",2019,50
"116","benin",2020,232
"117","benin",2021,1298
"118","benin",2022,433
"119","benin",2023,28
"120","burkina faso",1970,1
"121","burkina faso",1971,1761
"122","burkina faso",1972,1
"123","burkina faso",1973,1118
"124","burkina faso",1974,632
"125","burkina faso",1975,3
"126","burkina faso",1978,1
"127","burkina faso",1984,2191
"128","burkina faso",1985,1149
"129","burkina faso",1991,537
"130","burkina faso",1995,1451
"131","burkina faso",1996,425
"132","burkina faso",1998,1036
"133","burkina faso",1999,93
"134","burkina faso",2000,617
"135","burkina faso",2001,477
"136","burkina faso",2003,1
"137","burkina faso",2005,1050
"138","burkina faso",2006,0
"139","burkina faso",2008,0
"140","burkina faso",2011,20
"141","burkina faso",2012,143
"142","burkina faso",2018,0
"143","burkina faso",2019,0
"144","burkina faso",2021,3
"145","burkina faso",2022,4
"146","burkina faso",2023,0
"147","botswana",2005,0
"148","botswana",2006,0
"149","botswana",2008,8
"150","botswana",2009,15
"151","botswana",2019,0
"152","botswana",2020,0
"153","botswana",2015,0
"154","botswana",2016,0
"155","botswana",2017,0
"156","botswana",2018,0
"157","botswana",2021,0
"158","botswana",2011,0
"159","botswana",2012,0
"160","botswana",2013,0
"161","botswana",2014,0
"162","botswana",2023,0
"163","central african rep.",2018,0
"164","central african rep.",2017,0
"165","central african rep.",2012,21
"166","central african rep.",2011,117
"167","central african rep.",2006,0
"168","central african rep.",2005,0
"169","central african rep.",2004,320
"170","central african rep.",1998,22
"171","central african rep.",1997,443
"172","central african rep.",2021,0
"173","central african rep.",2022,0
"174","central african rep.",2023,0
"175","cote d'ivoire",1970,868
"176","cote d'ivoire",1971,668
"177","cote d'ivoire",1979,3
"178","cote d'ivoire",1982,34
"179","cote d'ivoire",1991,604
"180","cote d'ivoire",1992,37
"181","cote d'ivoire",1993,724
"182","cote d'ivoire",1994,1108
"183","cote d'ivoire",1995,4993
"184","cote d'ivoire",1996,1345
"185","cote d'ivoire",2001,5912
"186","cote d'ivoire",2002,4188
"187","cote d'ivoire",2003,1034
"188","cote d'ivoire",2004,105
"189","cote d'ivoire",2005,39
"190","cote d'ivoire",2006,414
"191","cote d'ivoire",2007,8
"192","cote d'ivoire",2008,7
"193","cote d'ivoire",2009,5
"194","cote d'ivoire",2010,32
"195","cote d'ivoire",2011,1261
"196","cote d'ivoire",2012,424
"197","cote d'ivoire",2013,56
"198","cote d'ivoire",2014,235
"199","cote d'ivoire",2015,199
"200","cote d'ivoire",2021,12
"201","cote d'ivoire",2023,0
"202","cameroon",1971,2167
"203","cameroon",1972,362
"204","cameroon",1973,206
"205","cameroon",1974,83
"206","cameroon",1975,3
"207","cameroon",1976,135
"208","cameroon",1978,3
"209","cameroon",1979,16
"210","cameroon",1980,229
"211","cameroon",1981,243
"212","cameroon",1982,5
"213","cameroon",1983,55
"214","cameroon",1984,392
"215","cameroon",1985,1158
"216","cameroon",1986,165
"217","cameroon",1987,94
"218","cameroon",1988,4
"219","cameroon",1989,4
"220","cameroon",1990,16
"221","cameroon",1991,4026
"222","cameroon",1992,1268
"223","cameroon",1993,648
"224","cameroon",1994,527
"225","cameroon",1995,615
"226","cameroon",1996,5796
"227","cameroon",1997,1709
"228","cameroon",1998,4603
"229","cameroon",1999,1584
"230","cameroon",2000,123
"231","cameroon",2001,259
"232","cameroon",2002,66
"233","cameroon",2003,207
"234","cameroon",2004,8005
"235","cameroon",2005,2847
"236","cameroon",2006,922
"237","cameroon",2007,10
"238","cameroon",2008,0
"239","cameroon",2009,804
"240","cameroon",2010,10759
"241","cameroon",2011,22433
"242","cameroon",2012,363
"243","cameroon",2013,29
"244","cameroon",2014,3355
"245","cameroon",2015,124
"246","cameroon",2017,22
"247","cameroon",2018,1052
"248","cameroon",2019,1840
"249","cameroon",2020,1890
"250","cameroon",2021,728
"251","cameroon",2022,14431
"252","cameroon",2023,6470
"253","drc",1978,3481
"254","drc",1979,5515
"255","drc",1980,1051
"256","drc",1981,2379
"257","drc",1982,10328
"258","drc",1983,2977
"259","drc",1984,162
"260","drc",1985,740
"261","drc",1986,1059
"262","drc",1987,1150
"263","drc",1988,295
"264","drc",1989,99
"265","drc",1990,468
"266","drc",1991,4066
"267","drc",1992,1949
"268","drc",1993,986
"269","drc",1994,58057
"270","drc",1995,553
"271","drc",1996,7886
"272","drc",1997,2421
"273","drc",1998,34899
"274","drc",1999,12711
"275","drc",2000,14995
"276","drc",2001,5728
"277","drc",2002,31658
"278","drc",2003,27272
"279","drc",2004,7665
"280","drc",2005,13430
"281","drc",2006,20642
"282","drc",2007,28269
"283","drc",2008,30150
"284","drc",2009,22899
"285","drc",2010,13884
"286","drc",2011,21700
"287","drc",2012,33661
"288","drc",2013,26944
"289","drc",2014,22203
"290","drc",2015,19182
"291","drc",2016,28093
"292","drc",2017,56190
"293","drc",2018,30768
"294","drc",2019,30304
"295","drc",2020,19789
"296","drc",2021,12103
"297","drc",2022,18961
"298","drc",2023,52654
"299","rep. of the congo",1978,51
"300","rep. of the congo",1979,5
"301","rep. of the congo",1997,275
"302","rep. of the congo",1998,3222
"303","rep. of the congo",1999,4813
"304","rep. of the congo",2000,9
"305","rep. of the congo",2005,0
"306","rep. of the congo",2006,175
"307","rep. of the congo",2007,7785
"308","rep. of the congo",2008,156
"309","rep. of the congo",2009,93
"310","rep. of the congo",2011,762
"311","rep. of the congo",2012,1181
"312","rep. of the congo",2013,1624
"313","rep. of the congo",2016,15
"314","rep. of the congo",2018,60
"315","rep. of the congo",2021,0
"316","rep. of the congo",2022,0
"317","rep. of the congo",2023,21
"318","comoros",1975,2675
"319","comoros",1976,5
"320","comoros",1998,7300
"321","comoros",1999,1180
"322","comoros",2000,3297
"323","comoros",2001,226
"324","comoros",2002,1567
"325","comoros",2003,56
"326","comoros",2004,1
"327","comoros",2005,0
"328","comoros",2006,0
"329","comoros",2007,1555
"330","comoros",2008,4
"331","comoros",2019,0
"332","comoros",2021,0
"333","comoros",2015,0
"334","comoros",2016,0
"335","comoros",2017,0
"336","comoros",2018,0
"337","comoros",2020,0
"338","comoros",2023,0
"339","eritrea",2005,0
"340","eritrea",2006,0
"341","eritrea",2007,119
"342","eritrea",2008,1
"343","eritrea",2020,0
"344","eritrea",2015,0
"345","eritrea",2016,0
"346","eritrea",2017,0
"347","eritrea",2018,0
"348","eritrea",2019,0
"349","eritrea",2021,0
"350","eritrea",2011,0
"351","eritrea",2012,0
"352","eritrea",2013,0
"353","eritrea",2014,0
"354","eritrea",2023,0
"355","ethiopia",1970,850
"356","ethiopia",1971,2187
"357","ethiopia",1982,0
"358","ethiopia",2004,16
"359","ethiopia",2005,0
"360","ethiopia",2006,54070
"361","ethiopia",2007,24121
"362","ethiopia",2008,3862
"363","ethiopia",2009,31509
"364","ethiopia",2010,1682
"365","ethiopia",2019,2615
"366","ethiopia",2020,12226
"367","ethiopia",2021,674
"368","ethiopia",2011,0
"369","ethiopia",2012,0
"370","ethiopia",2013,0
"371","ethiopia",2014,0
"372","ethiopia",2022,846
"373","ethiopia",2023,30389
"374","gabon",1979,5
"375","gabon",1981,7
"376","gabon",2002,6
"377","gabon",2003,629
"378","gabon",2005,0
"379","gabon",2006,0
"380","gabon",2008,2
"381","gabon",2021,0
"382","gabon",2016,0
"383","gabon",2017,0
"384","gabon",2018,0
"385","gabon",2019,0
"386","gabon",2020,0
"387","gabon",2015,0
"388","gabon",2011,0
"389","gabon",2012,0
"390","gabon",2013,0
"391","gabon",2014,0
"392","ghana",1970,2733
"393","ghana",1971,13048
"394","ghana",1972,625
"395","ghana",1973,677
"396","ghana",1974,483
"397","ghana",1975,187
"398","ghana",1976,102
"399","ghana",1977,6565
"400","ghana",1978,1853
"401","ghana",1979,1783
"402","ghana",1980,260
"403","ghana",1981,943
"404","ghana",1982,11051
"405","ghana",1983,14160
"406","ghana",1984,1015
"407","ghana",1985,60
"408","ghana",1990,2937
"409","ghana",1991,13172
"410","ghana",1992,228
"411","ghana",1993,1448
"412","ghana",1994,2267
"413","ghana",1995,4698
"414","ghana",1996,1665
"415","ghana",1997,379
"416","ghana",1998,3426
"417","ghana",1999,9432
"418","ghana",2000,3331
"419","ghana",2001,5487
"420","ghana",2002,3614
"421","ghana",2003,204
"422","ghana",2004,407
"423","ghana",2005,3166
"424","ghana",2006,3357
"425","ghana",2007,179
"426","ghana",2008,1223
"427","ghana",2009,1294
"428","ghana",2010,438
"429","ghana",2011,10628
"430","ghana",2012,9548
"431","ghana",2013,50
"432","ghana",2014,28944
"433","ghana",2015,692
"434","ghana",2016,175
"435","ghana",2017,0
"436","ghana",2019,1
"437","ghana",2021,2
"438","ghana",2022,0
"439","ghana",2023,0
"440","guinea",1970,2000
"441","guinea",1986,286
"442","guinea",1994,31415
"443","guinea",1995,6506
"444","guinea",1996,287
"445","guinea",1998,881
"446","guinea",1999,599
"447","guinea",2000,519
"448","guinea",2001,392
"449","guinea",2002,61
"450","guinea",2003,6
"451","guinea",2004,1516
"452","guinea",2005,3821
"453","guinea",2006,3242
"454","guinea",2007,8546
"455","guinea",2008,513
"456","guinea",2009,42
"457","guinea",2011,3
"458","guinea",2012,7350
"459","guinea",2013,319
"460","guinea",2014,1
"461","guinea",2019,0
"462","guinea",2021,0
"463","guinea",2022,0
"464","guinea",2023,0
"465","gambia",1985,2
"466","gambia",1994,1
"467","gambia",1995,15
"468","gambia",1996,7
"469","gambia",2005,214
"470","gambia",2006,0
"471","gambia",2007,12
"472","gambia",2008,1
"473","gambia",2015,0
"474","gambia",2011,0
"475","gambia",2012,0
"476","gambia",2013,0
"477","gambia",2014,0
"478","gambia",2023,0
"479","guinea-bissau",1986,200
"480","guinea-bissau",1987,6000
"481","guinea-bissau",1994,15296
"482","guinea-bissau",1995,119
"483","guinea-bissau",1996,8397
"484","guinea-bissau",1997,20555
"485","guinea-bissau",1998,126
"486","guinea-bissau",2002,842
"487","guinea-bissau",2003,290
"488","guinea-bissau",2004,155
"489","guinea-bissau",2005,25111
"490","guinea-bissau",2006,37
"491","guinea-bissau",2007,153
"492","guinea-bissau",2008,14323
"493","guinea-bissau",2009,5
"494","guinea-bissau",2012,3068
"495","guinea-bissau",2013,969
"496","guinea-bissau",2014,11
"497","guinea-bissau",2021,0
"498","guinea-bissau",2017,0
"499","guinea-bissau",2022,0
"500","guinea-bissau",2023,0
"501","equatorial guinea",1984,404
"502","equatorial guinea",1985,108
"503","equatorial guinea",2004,59
"504","equatorial guinea",2005,6391
"505","equatorial guinea",2006,0
"506","equatorial guinea",2015,0
"507","equatorial guinea",2016,0
"508","equatorial guinea",2017,0
"509","equatorial guinea",2018,0
"510","equatorial guinea",2019,0
"511","equatorial guinea",2020,0
"512","equatorial guinea",2021,0
"513","equatorial guinea",2011,0
"514","equatorial guinea",2012,0
"515","equatorial guinea",2013,0
"516","equatorial guinea",2014,0
"517","kenya",1971,239
"518","kenya",1972,51
"519","kenya",1974,402
"520","kenya",1975,1093
"521","kenya",1976,1359
"522","kenya",1977,21
"523","kenya",1978,673
"524","kenya",1979,1070
"525","kenya",1980,2808
"526","kenya",1981,2424
"527","kenya",1982,3498
"528","kenya",1983,1049
"529","kenya",1984,14
"530","kenya",1985,1352
"531","kenya",1986,839
"532","kenya",1987,255
"533","kenya",1989,918
"534","kenya",1992,3388
"535","kenya",1994,880
"536","kenya",1995,1547
"537","kenya",1996,482
"538","kenya",1997,17200
"539","kenya",1998,22432
"540","kenya",1999,11039
"541","kenya",2000,1157
"542","kenya",2001,1001
"543","kenya",2002,291
"544","kenya",2004,870
"545","kenya",2005,816
"546","kenya",2006,870
"547","kenya",2007,1206
"548","kenya",2008,3091
"549","kenya",2009,11425
"550","kenya",2010,3188
"551","kenya",2011,74
"552","kenya",2014,35
"553","kenya",2015,13291
"554","kenya",2016,5866
"555","kenya",2017,4288
"556","kenya",2018,5719
"557","kenya",2019,5208
"558","kenya",2020,447
"559","kenya",2021,38
"560","kenya",2022,3525
"561","kenya",2023,8809
"562","liberia",1970,168
"563","liberia",1971,606
"564","liberia",1972,947
"565","liberia",1973,1336
"566","liberia",1974,512
"567","liberia",1975,704
"568","liberia",1976,646
"569","liberia",1977,512
"570","liberia",1978,422
"571","liberia",1979,438
"572","liberia",1980,2690
"573","liberia",1981,1582
"574","liberia",1982,670
"575","liberia",1983,183
"576","liberia",1984,492
"577","liberia",1985,355
"578","liberia",1986,59
"579","liberia",1987,33
"580","liberia",1988,68
"581","liberia",1989,28
"582","liberia",1991,132
"583","liberia",1994,764
"584","liberia",1995,3420
"585","liberia",1996,8922
"586","liberia",1997,91
"587","liberia",1998,2123
"588","liberia",1999,215
"589","liberia",2000,365
"590","liberia",2001,1062
"591","liberia",2002,1115
"592","liberia",2003,34740
"593","liberia",2004,2786
"594","liberia",2005,3823
"595","liberia",2006,4929
"596","liberia",2007,3063
"597","liberia",2008,1236
"598","liberia",2009,1070
"599","liberia",2010,1546
"600","liberia",2011,1146
"601","liberia",2012,219
"602","liberia",2013,92
"603","liberia",2014,44
"604","liberia",2017,0
"605","liberia",2018,2
"606","liberia",2021,167
"607","liberia",2022,367
"608","liberia",2023,925
"609","lesotho",2005,0
"610","lesotho",2006,0
"611","lesotho",2018,0
"612","lesotho",2021,0
"613","lesotho",2015,0
"614","lesotho",2016,0
"615","lesotho",2017,0
"616","lesotho",2019,0
"617","lesotho",2020,0
"618","lesotho",2011,0
"619","lesotho",2012,0
"620","lesotho",2013,0
"621","lesotho",2014,0
"622","lesotho",2023,0
"623","madagascar",1971,2
"624","madagascar",1996,0
"625","madagascar",1999,9973
"626","madagascar",2000,29305
"627","madagascar",2001,7219
"628","madagascar",2002,27
"629","madagascar",2003,5
"630","madagascar",2005,0
"631","madagascar",2006,0
"632","madagascar",2016,0
"633","madagascar",2017,0
"634","madagascar",2018,0
"635","madagascar",2019,0
"636","madagascar",2020,0
"637","madagascar",2021,0
"638","madagascar",2015,0
"639","madagascar",2012,0
"640","madagascar",2014,0
"641","madagascar",2023,0
"642","mali",1970,2665
"643","mali",1971,4792
"644","mali",1972,2
"645","mali",1973,219
"646","mali",1974,130
"647","mali",1984,1795
"648","mali",1985,3759
"649","mali",1986,1916
"650","mali",1987,352
"651","mali",1995,2191
"652","mali",1996,5723
"653","mali",1997,6
"654","mali",1999,6
"655","mali",2000,1885
"656","mali",2001,67
"657","mali",2002,18
"658","mali",2003,1455
"659","mali",2004,2839
"660","mali",2005,1178
"661","mali",2006,7
"662","mali",2008,153
"663","mali",2011,2220
"664","mali",2012,219
"665","mali",2013,23
"666","mali",2017,0
"667","mali",2018,0
"668","mali",2019,0
"669","mali",2021,12
"670","mali",2022,0
"671","mali",2023,0
"672","mozambique",1973,453
"673","mozambique",1974,1018
"674","mozambique",1975,11
"675","mozambique",1976,3
"676","mozambique",1977,18
"677","mozambique",1979,4564
"678","mozambique",1980,1212
"679","mozambique",1981,1753
"680","mozambique",1982,2301
"681","mozambique",1983,10745
"682","mozambique",1984,521
"683","mozambique",1985,3
"684","mozambique",1986,1
"685","mozambique",1989,371
"686","mozambique",1990,4152
"687","mozambique",1991,7847
"688","mozambique",1992,30802
"689","mozambique",1993,19803
"690","mozambique",1994,692
"691","mozambique",1996,0
"692","mozambique",1997,8739
"693","mozambique",1998,42672
"694","mozambique",1999,44329
"695","mozambique",2000,17649
"696","mozambique",2001,8794
"697","mozambique",2002,24375
"698","mozambique",2003,13758
"699","mozambique",2004,20080
"700","mozambique",2005,2226
"701","mozambique",2006,6306
"702","mozambique",2007,2622
"703","mozambique",2008,9087
"704","mozambique",2009,19679
"705","mozambique",2010,7430
"706","mozambique",2011,1279
"707","mozambique",2012,647
"708","mozambique",2013,1869
"709","mozambique",2014,480
"710","mozambique",2015,8739
"711","mozambique",2016,883
"712","mozambique",2017,5892
"713","mozambique",2018,910
"714","mozambique",2019,7010
"715","mozambique",2020,3787
"716","mozambique",2021,5072
"717","mozambique",2022,4388
"718","mozambique",2023,39101
"719","mauritania",1971,1139
"720","mauritania",1972,148
"721","mauritania",1973,150
"722","mauritania",1984,166
"723","mauritania",1985,259
"724","mauritania",1986,3734
"725","mauritania",1987,1578
"726","mauritania",1988,575
"727","mauritania",1989,700
"728","mauritania",1996,4534
"729","mauritania",1997,462
"730","mauritania",2002,80
"731","mauritania",2003,34
"732","mauritania",2005,4132
"733","mauritania",2006,25
"734","mauritania",2007,3
"735","mauritania",2011,46
"736","mauritania",2018,0
"737","mauritania",2015,0
"738","mauritania",2016,0
"739","mauritania",2017,0
"740","mauritania",2019,0
"741","mauritania",2020,0
"742","mauritania",2021,0
"743","mauritania",2012,0
"744","mauritania",2013,0
"745","mauritania",2022,0
"746","mauritania",2023,0
"747","malawi",1973,371
"748","malawi",1976,19
"749","malawi",1977,577
"750","malawi",1978,263
"751","malawi",1981,261
"752","malawi",1983,487
"753","malawi",1988,6
"754","malawi",1989,8351
"755","malawi",1990,13457
"756","malawi",1991,8088
"757","malawi",1992,298
"758","malawi",1993,25193
"759","malawi",1994,107
"760","malawi",1995,1
"761","malawi",1996,1
"762","malawi",1997,130
"763","malawi",1998,1745
"764","malawi",1999,26508
"765","malawi",2000,2391
"766","malawi",2001,2395
"767","malawi",2002,32618
"768","malawi",2003,2736
"769","malawi",2004,675
"770","malawi",2005,1105
"771","malawi",2006,4148
"772","malawi",2007,475
"773","malawi",2008,831
"774","malawi",2009,5751
"775","malawi",2010,1155
"776","malawi",2011,120
"777","malawi",2012,187
"778","malawi",2015,693
"779","malawi",2016,1792
"780","malawi",2017,344
"781","malawi",2018,812
"782","malawi",2019,23
"783","malawi",2020,3
"784","malawi",2021,2
"785","malawi",2022,17488
"786","malawi",2023,32530
"787","namibia",2005,0
"788","namibia",2006,185
"789","namibia",2007,14
"790","namibia",2008,3496
"791","namibia",2009,159
"792","namibia",2013,3
"793","namibia",2014,485
"794","namibia",2020,0
"795","namibia",2021,0
"796","namibia",2015,0
"797","namibia",2016,0
"798","namibia",2011,0
"799","namibia",2012,0
"800","namibia",2023,0
"801","niger",1970,16
"802","niger",1971,9265
"803","niger",1972,51
"804","niger",1973,121
"805","niger",1974,286
"806","niger",1981,7
"807","niger",1984,3788
"808","niger",1989,166
"809","niger",1991,3238
"810","niger",1994,732
"811","niger",1995,264
"812","niger",1996,3957
"813","niger",1997,259
"814","niger",1999,1186
"815","niger",2000,225
"816","niger",2001,81
"817","niger",2002,236
"818","niger",2003,292
"819","niger",2004,2178
"820","niger",2005,553
"821","niger",2006,1232
"822","niger",2007,24
"823","niger",2008,972
"824","niger",2010,1154
"825","niger",2011,2324
"826","niger",2012,5284
"827","niger",2013,585
"828","niger",2014,2059
"829","niger",2015,51
"830","niger",2016,38
"831","niger",2018,3900
"832","niger",2019,0
"833","niger",2021,5591
"834","niger",2020,0
"835","niger",2023,0
"836","nigeria",1970,15
"837","nigeria",1971,22931
"838","nigeria",1972,1363
"839","nigeria",1973,157
"840","nigeria",1975,38
"841","nigeria",1976,112
"842","nigeria",1977,376
"843","nigeria",1978,197
"844","nigeria",1979,293
"845","nigeria",1980,138
"846","nigeria",1981,107
"847","nigeria",1982,248
"848","nigeria",1983,178
"849","nigeria",1984,1667
"850","nigeria",1985,30
"851","nigeria",1986,91
"852","nigeria",1987,1290
"853","nigeria",1988,137
"854","nigeria",1989,1078
"855","nigeria",1991,59478
"856","nigeria",1992,8687
"857","nigeria",1993,4160
"858","nigeria",1994,2859
"859","nigeria",1995,1059
"860","nigeria",1996,12374
"861","nigeria",1997,1322
"862","nigeria",1998,3464
"863","nigeria",1999,26358
"864","nigeria",2000,2799
"865","nigeria",2001,2312
"866","nigeria",2002,5429
"867","nigeria",2003,1933
"868","nigeria",2004,3186
"869","nigeria",2005,4477
"870","nigeria",2006,2028
"871","nigeria",2007,1661
"872","nigeria",2008,5410
"873","nigeria",2009,13691
"874","nigeria",2010,44456
"875","nigeria",2011,23377
"876","nigeria",2012,597
"877","nigeria",2013,6600
"878","nigeria",2014,35996
"879","nigeria",2015,5290
"880","nigeria",2016,768
"881","nigeria",2017,12174
"882","nigeria",2018,45037
"883","nigeria",2019,2486
"884","nigeria",2020,596
"885","nigeria",2021,111062
"886","nigeria",2022,23839
"887","nigeria",2023,3457
"888","rwanda",1978,838
"889","rwanda",1979,5
"890","rwanda",1980,30
"891","rwanda",1981,24
"892","rwanda",1982,201
"893","rwanda",1983,54
"894","rwanda",1984,161
"895","rwanda",1985,21
"896","rwanda",1986,226
"897","rwanda",1987,101
"898","rwanda",1988,70
"899","rwanda",1989,1
"900","rwanda",1991,679
"901","rwanda",1992,503
"902","rwanda",1993,568
"903","rwanda",1994,10
"904","rwanda",1995,3
"905","rwanda",1996,106
"906","rwanda",1997,274
"907","rwanda",1998,3220
"908","rwanda",1999,327
"909","rwanda",2000,1235
"910","rwanda",2001,157
"911","rwanda",2003,12
"912","rwanda",2004,586
"913","rwanda",2005,89
"914","rwanda",2006,405
"915","rwanda",2007,1453
"916","rwanda",2008,23
"917","rwanda",2009,67
"918","rwanda",2012,9
"919","rwanda",2016,355
"920","rwanda",2018,0
"921","rwanda",2021,74
"922","rwanda",2011,0
"923","rwanda",2014,0
"924","rwanda",2015,0
"925","rwanda",2022,24
"926","rwanda",2023,207
"927","senegal",1971,265
"928","senegal",1972,379
"929","senegal",1978,315
"930","senegal",1979,103
"931","senegal",1981,428
"932","senegal",1984,728
"933","senegal",1985,2988
"934","senegal",1986,476
"935","senegal",1987,3150
"936","senegal",1988,390
"937","senegal",1995,3332
"938","senegal",1996,16107
"939","senegal",1997,371
"940","senegal",2004,1227
"941","senegal",2005,31719
"942","senegal",2006,365
"943","senegal",2007,3984
"944","senegal",2008,1283
"945","senegal",2009,4
"946","senegal",2010,3
"947","senegal",2011,5
"948","senegal",2012,1
"949","senegal",2021,0
"950","senegal",2017,0
"951","senegal",2020,0
"952","senegal",2023,0
"953","sierra leone",1970,293
"954","sierra leone",1971,211
"955","sierra leone",1977,12
"956","sierra leone",1986,8957
"957","sierra leone",1987,557
"958","sierra leone",1994,9709
"959","sierra leone",1995,10285
"960","sierra leone",1998,2096
"961","sierra leone",1999,863
"962","sierra leone",2004,513
"963","sierra leone",2005,6
"964","sierra leone",2006,2560
"965","sierra leone",2007,2219
"966","sierra leone",2008,62
"967","sierra leone",2012,23124
"968","sierra leone",2013,377
"969","sierra leone",2017,0
"970","sierra leone",2019,0
"971","sierra leone",2020,0
"972","sierra leone",2021,0
"973","sierra leone",2011,0
"974","sierra leone",2022,0
"975","sierra leone",2023,0
"976","sao tome",1989,3953
"977","sao tome",1990,804
"978","sao tome",1991,3
"979","sao tome",2005,1966
"980","sao tome",2006,926
"981","sao tome",2007,90
"982","sao tome",2008,119
"983","sao tome",2018,0
"984","sao tome",2015,0
"985","sao tome",2016,0
"986","sao tome",2017,0
"987","sao tome",2019,0
"988","sao tome",2020,0
"989","sao tome",2021,0
"990","sao tome",2023,0
"991","eswatini",1978,2
"992","eswatini",1981,238
"993","eswatini",1982,538
"994","eswatini",1992,2281
"995","eswatini",1996,2
"996","eswatini",1998,7
"997","eswatini",1999,7
"998","eswatini",2000,141
"999","eswatini",2001,5612
"1000","eswatini",2002,134
"1001","eswatini",2003,32
"1002","eswatini",2004,1075
"1003","eswatini",2005,0
"1004","eswatini",2006,18
"1005","eswatini",2007,0
"1006","eswatini",2008,1
"1007","eswatini",2009,19
"1008","eswatini",2018,0
"1009","eswatini",2015,0
"1010","eswatini",2016,0
"1011","eswatini",2019,0
"1012","eswatini",2020,0
"1013","eswatini",2021,0
"1014","eswatini",2022,0
"1015","eswatini",2023,2
"1016","chad",1971,8230
"1017","chad",1972,9
"1018","chad",1974,338
"1019","chad",1991,13915
"1020","chad",1994,1094
"1021","chad",1996,7830
"1022","chad",1997,8801
"1023","chad",1998,4095
"1024","chad",1999,217
"1025","chad",2001,5244
"1026","chad",2003,55
"1027","chad",2004,5531
"1028","chad",2005,90
"1029","chad",2006,1668
"1030","chad",2007,0
"1031","chad",2009,67
"1032","chad",2010,6395
"1033","chad",2011,17267
"1034","chad",2017,1266
"1035","chad",2018,0
"1036","chad",2019,93
"1037","chad",2020,0
"1038","chad",2021,0
"1039","chad",2022,0
"1040","chad",2023,0
"1041","togo",1970,75
"1042","togo",1971,335
"1043","togo",1972,16
"1044","togo",1974,58
"1045","togo",1977,132
"1046","togo",1978,6
"1047","togo",1988,1
"1048","togo",1991,2396
"1049","togo",1992,753
"1050","togo",1993,19
"1051","togo",1994,47
"1052","togo",1995,65
"1053","togo",1996,146
"1054","togo",1997,42
"1055","togo",1998,3217
"1056","togo",1999,667
"1057","togo",2000,338
"1058","togo",2001,2551
"1059","togo",2002,257
"1060","togo",2003,384
"1061","togo",2004,1080
"1062","togo",2005,1320
"1063","togo",2006,1159
"1064","togo",2007,65
"1065","togo",2008,397
"1066","togo",2009,218
"1067","togo",2010,72
"1068","togo",2011,4
"1069","togo",2012,61
"1070","togo",2013,166
"1071","togo",2014,262
"1072","togo",2015,35
"1073","togo",2018,0
"1074","togo",2019,0
"1075","togo",2020,67
"1076","togo",2021,40
"1077","togo",2022,0
"1078","togo",2023,3
"1079","tanzania",1974,10
"1080","tanzania",1977,297
"1081","tanzania",1978,6608
"1082","tanzania",1979,2559
"1083","tanzania",1980,5196
"1084","tanzania",1981,4241
"1085","tanzania",1982,4071
"1086","tanzania",1983,1816
"1087","tanzania",1984,2600
"1088","tanzania",1985,1984
"1089","tanzania",1986,1231
"1090","tanzania",1987,1892
"1091","tanzania",1988,5267
"1092","tanzania",1989,2150
"1093","tanzania",1990,2230
"1094","tanzania",1991,5676
"1095","tanzania",1992,18526
"1096","tanzania",1993,792
"1097","tanzania",1994,2240
"1098","tanzania",1995,2957
"1099","tanzania",1996,1464
"1100","tanzania",1997,40249
"1101","tanzania",1998,14488
"1102","tanzania",1999,12266
"1103","tanzania",2000,4637
"1104","tanzania",2001,1300
"1105","tanzania",2002,11920
"1106","tanzania",2003,710
"1107","tanzania",2004,10319
"1108","tanzania",2005,2945
"1109","tanzania",2006,14297
"1110","tanzania",2007,1609
"1111","tanzania",2008,2911
"1112","tanzania",2009,7700
"1113","tanzania",2010,4469
"1114","tanzania",2011,942
"1115","tanzania",2012,286
"1116","tanzania",2013,270
"1117","tanzania",2015,11563
"1118","tanzania",2016,11360
"1119","tanzania",2017,4895
"1120","tanzania",2018,4777
"1121","tanzania",2021,54
"1122","tanzania",2020,0
"1123","tanzania",2022,181
"1124","tanzania",2023,1040
"1125","uganda",1971,757
"1126","uganda",1975,3
"1127","uganda",1978,1120
"1128","uganda",1979,940
"1129","uganda",1980,1539
"1130","uganda",1982,190
"1131","uganda",1987,140
"1132","uganda",1991,279
"1133","uganda",1992,5072
"1134","uganda",1994,704
"1135","uganda",1995,538
"1136","uganda",1996,291
"1137","uganda",1997,2610
"1138","uganda",1998,49514
"1139","uganda",1999,5179
"1140","uganda",2000,2807
"1141","uganda",2001,247
"1142","uganda",2002,2274
"1143","uganda",2003,4377
"1144","uganda",2004,3380
"1145","uganda",2005,4924
"1146","uganda",2006,5194
"1147","uganda",2007,276
"1148","uganda",2008,3726
"1149","uganda",2009,1095
"1150","uganda",2010,2341
"1151","uganda",2012,6326
"1152","uganda",2013,748
"1153","uganda",2014,309
"1154","uganda",2015,1461
"1155","uganda",2016,516
"1156","uganda",2017,252
"1157","uganda",2018,4440
"1158","uganda",2019,358
"1159","uganda",2020,1521
"1160","uganda",2021,173
"1161","uganda",2022,0
"1162","south africa",1973,1
"1163","south africa",1974,37
"1164","south africa",1979,2
"1165","south africa",1980,859
"1166","south africa",1981,4180
"1167","south africa",1982,11968
"1168","south africa",1983,4715
"1169","south africa",1984,1182
"1170","south africa",1985,2742
"1171","south africa",1986,120
"1172","south africa",1987,37
"1173","south africa",1991,10
"1174","south africa",1992,11
"1175","south africa",1993,78
"1176","south africa",1994,4
"1177","south africa",1998,20
"1178","south africa",1999,68
"1179","south africa",2000,19667
"1180","south africa",2001,106159
"1181","south africa",2002,10004
"1182","south africa",2003,3901
"1183","south africa",2004,2767
"1184","south africa",2005,3503
"1185","south africa",2006,0
"1186","south africa",2008,3907
"1187","south africa",2009,10520
"1188","south africa",2013,1
"1189","south africa",2015,0
"1190","south africa",2016,0
"1191","south africa",2017,0
"1192","south africa",2019,0
"1193","south africa",2020,0
"1194","south africa",2021,0
"1195","south africa",2011,0
"1196","south africa",2012,0
"1197","south africa",2014,0
"1198","south africa",2022,1
"1199","south africa",2023,1478
"1200","zambia",1978,263
"1201","zambia",1979,12
"1202","zambia",1980,57
"1203","zambia",1981,14
"1204","zambia",1982,1403
"1205","zambia",1983,233
"1206","zambia",1989,44
"1207","zambia",1990,3717
"1208","zambia",1991,13154
"1209","zambia",1992,11659
"1210","zambia",1993,6766
"1211","zambia",1996,2172
"1212","zambia",1997,36
"1213","zambia",1998,171
"1214","zambia",1999,13511
"1215","zambia",2000,4504
"1216","zambia",2001,3109
"1217","zambia",2002,339
"1218","zambia",2003,1049
"1219","zambia",2004,12149
"1220","zambia",2005,1503
"1221","zambia",2006,5360
"1222","zambia",2007,2286
"1223","zambia",2008,2061
"1224","zambia",2009,4712
"1225","zambia",2010,6794
"1226","zambia",2011,330
"1227","zambia",2012,198
"1228","zambia",2017,1794
"1229","zambia",2018,4082
"1230","zambia",2019,447
"1231","zambia",2020,0
"1232","zambia",2021,0
"1233","zambia",2022,34
"1234","zambia",2023,4531
"1235","zimbabwe",1973,1
"1236","zimbabwe",1974,37
"1237","zimbabwe",1975,615
"1238","zimbabwe",1976,144
"1239","zimbabwe",1985,144
"1240","zimbabwe",1986,2
"1241","zimbabwe",1992,2048
"1242","zimbabwe",1993,5385
"1243","zimbabwe",1998,995
"1244","zimbabwe",1999,5637
"1245","zimbabwe",2000,1675
"1246","zimbabwe",2001,650
"1247","zimbabwe",2002,3125
"1248","zimbabwe",2003,1009
"1249","zimbabwe",2004,119
"1250","zimbabwe",2005,516
"1251","zimbabwe",2006,789
"1252","zimbabwe",2007,65
"1253","zimbabwe",2008,60055
"1254","zimbabwe",2009,68153
"1255","zimbabwe",2010,951
"1256","zimbabwe",2011,1220
"1257","zimbabwe",2012,23
"1258","zimbabwe",2015,60
"1259","zimbabwe",2016,10
"1260","zimbabwe",2018,10692
"1261","zimbabwe",2019,61
"1262","zimbabwe",2020,0
"1263","zimbabwe",2021,0
"1264","zimbabwe",2022,4
"1265","zimbabwe",2023,14148
"1266","djibouti",1970,6
"1267","djibouti",1971,440
"1268","djibouti",1972,8
"1269","djibouti",1976,2
"1270","djibouti",1977,2
"1271","djibouti",1978,3
"1272","djibouti",1985,115
"1273","djibouti",1993,10055
"1274","djibouti",1994,1122
"1275","djibouti",1997,2424
"1276","djibouti",1998,164
"1277","djibouti",2000,1828
"1278","djibouti",2007,1087
"1279","djibouti",2010,2047
"1280","djibouti",2011,127
"1281","djibouti",2019,0
"1282","djibouti",2020,0
"1283","djibouti",2021,0
"1284","djibouti",2022,0
"1285","djibouti",2023,0
"1286","sudan",1979,845
"1287","sudan",1980,17
"1288","sudan",1985,4457
"1289","sudan",1999,0
"1290","sudan",2006,30662
"1291","sudan",2007,13731
"1292","sudan",2008,17241
"1293","sudan",2009,13681
"1294","sudan",2018,0
"1295","sudan",2019,346
"1296","sudan",2011,0
"1297","sudan",2013,0
"1298","sudan",2020,7
"1299","sudan",2021,9
"1300","sudan",2012,0
"1301","sudan",2014,0
"1302","sudan",2015,0
"1303","sudan",2023,8895
"1304","somalia",1970,43
"1305","somalia",1971,89
"1306","somalia",1985,10199
"1307","somalia",1986,15980
"1308","somalia",1994,28334
"1309","somalia",1995,9255
"1310","somalia",1996,10274
"1311","somalia",1997,6814
"1312","somalia",1998,4417
"1313","somalia",1999,17757
"1314","somalia",2000,7496
"1315","somalia",2001,2567
"1316","somalia",2002,2775
"1317","somalia",2003,11020
"1318","somalia",2004,4490
"1319","somalia",2007,41643
"1320","somalia",2008,1281
"1321","somalia",2009,208
"1322","somalia",2010,3510
"1323","somalia",2011,77636
"1324","somalia",2012,22576
"1325","somalia",2013,6864
"1326","somalia",2014,2820
"1327","somalia",2015,7536
"1328","somalia",2016,15619
"1329","somalia",2017,75414
"1330","somalia",2018,6761
"1331","somalia",2019,3100
"1332","somalia",2020,6414
"1333","somalia",2021,4342
"1334","somalia",2022,15653
"1335","somalia",2023,18304
"1336","south sudan",2014,6421
"1337","south sudan",2015,1818
"1338","south sudan",2016,4295
"1339","south sudan",2017,16088
"1340","south sudan",2018,0
"1341","south sudan",2019,0
"1342","south sudan",2020,0
"1343","south sudan",2021,0
"1344","south sudan",2011,0
"1345","south sudan",2012,0
"1346","south sudan",2013,0
"1347","south sudan",2022,424
"1348","south sudan",2023,1471
"1349","angola",1970,2
"1350","benin",1985,1
"1351","benin",2007,1
"1352","cameroon",1970,6
"1353","cote d'ivoire",1973,3
"1354","cote d'ivoire",1984,1
"1355","cote d'ivoire",1988,6
"1356","cote d'ivoire",1998,2
"1357","ethiopia",1985,1
"1358","ethiopia",1998,2
"1359","gabon",1997,1
"1360","guinea",1990,1
"1361","kenya",2012,3
"1362","kenya",2013,1
"1363","senegal",1973,1
"1364","senegal",1974,2
"1365","senegal",1994,1
"1366","south africa",2018,2
"1367","south sudan",2007,2
"1368","south sudan",2008,1
"1369","sudan",1996,2
"1370","sudan",1998,2
"1371","zambia",2016,8
